{"cameraMode":{"drawMode":0,"name":"Shaded","section":"Shading Mode"},"sceneLighting":true,"audioPlay":false,"sceneViewState":{"m_AlwaysRefresh":false,"showFog":true,"showSkybox":true,"showFlares":true,"showImageEffects":true,"showParticleSystems":true,"showVisualEffectGraphs":true,"m_FxEnabled":true},"in2DMode":false,"pivot":{"x":7.792852401733398,"y":29.923919677734376,"z":-3.1051483154296877},"rotation":{"x":0.3140459656715393,"y":0.0162354689091444,"z":-0.005371257662773132,"w":0.9492542147636414},"size":65.10380554199219,"orthographic":true}