{"cameraMode":{"drawMode":0,"name":"Shaded","section":"Shading Mode"},"sceneLighting":true,"audioPlay":false,"sceneViewState":{"m_AlwaysRefresh":false,"showFog":true,"showSkybox":true,"showFlares":true,"showImageEffects":true,"showParticleSystems":true,"showVisualEffectGraphs":true,"m_FxEnabled":true},"in2DMode":false,"pivot":{"x":-188.07730102539063,"y":602.2684326171875,"z":1651.804931640625},"rotation":{"x":0.09650731831789017,"y":0.25098803639411929,"z":-0.025157028809189798,"w":0.962838888168335},"size":1125.3216552734375,"orthographic":false}